ItemId,Title,Price,Buy,Profit,Qty,Weight
162473683786,JABRA JABRA STEEL BLUETOOTH HEADSET BLACK,79,66,-4.1,72,0.16
112369211578,JABRA Jabra PRO930 Wireless USB/Softphone,249,217.78,-3.73,44,0.44
112280772207,LOGITECH K750R WIRELESS SOLAR KEYBOARD (U),139,115.42,-3.21,0,1.08
162370961988,LOGITECH K270 WIRELESS KEYBOARD (U) for PC Windows USB 3 Yr Warranty Black,43.9,30.28,-3.19,257,0.66
112137442458,SANDISK◉16 GB◉Micro◉SD◉SDHC◉Class◉4◉MicroSDHC◉TF◉Memory◉Card◉Genuine◉Retail◉Oz,12,9.14,-3.1,0,0.01
112360919768,LOGITECH M185 WIRELESS MOUSE - GREY,22,13.88,-2.99,0,0.12
112280684597, LOGITECH G440 Hard Gaming Mouse Pad,30,20.83,-2.78,0,0.38
162100500216,SanDisk◉Ultra 16GB◉SD SDHC◉Class 10◉Extreme◉40MB/s◉Camera◉Memory◉Flash◉Card◉Oz,14.9,11.42,-2.78,0,0.02
112360919730,LOGITECH M105 CORDED MOUSE - BLACK,22,13.28,-2.39,0,0.13
112280772189,LOGITECH K120 USB KEYBOARD,25,12.5,-2.33,307,0.7
112363727846,LOGITECH WIRELESS MOUSE M185 BLUE,23,13.88,-2.1,49,0.12
112137440199,SANDISK◉32GB◉Micro◉SD◉SDHC◉Ultra◉80MB◉Class◉10◉Extreme◉Speed◉Memory◉Card◉Samsung,26.85,21.09,-1.76,2841,0.02
162337384700,MICROSOFT WIRED DESKTOP 600 USB Keyboard & Mouse 800dpi APB-00018 3YR WARRANTY,39,24.31,-1.61,0,0.93
112363727858,LOGITECH WIRELESS MOUSE M235 - RED,29,18.67,-1.52,242,0.12
112137442708,SANDISK◉16GB◉Ultra◉MicroSD◉SDHC◉80MB/s◉Class10◉Extreme◉Mobile◉Memory◉Card,16,11.07,-1.45,4560,0.01
162461279128,LOGITECH M90 CORDED USB MOUSE,19,9.38,-1.18,2098,0.11
112360919764,LOGITECH M187 WIRELESS MINI MOUSE - RED,29,18.18,-1.03,850,0.1
162464714294,LOGITECH Z337 BOLD SOUND WITH BLUETOOTH,119,95.14,-0.84,1195,4.59
162203881116,SANDISK◉64GB◉64G◉CZ43◉ULTRAFIT◉USB3.0◉Flash◉Thumb◉Drive◉Key◉Memory◉Stick,39.95,31.82,-0.76,2,0.02
162203873116,SANDISK◉32GB◉MicroSD◉SDHC◉Class4◉MicroSDHC◉TF◉Memory◉Card◉Retail◉32G,24,17.39,-0.61,0,0.01
112360919748,LOGITECH M105 CORDED MOUSE - WHITE,24,13.28,-0.6,41,0.13
112360960869,LOGITECH MK120 CORDED USB DESKTOP,39,23.18,-0.48,0,0.83
112280772193,LOGITECH K380 MULTI-DEVICE BLUETOOTH KB - BLUE,59,44.4,-0.4,26,0.54
162461221526,LOGITECH M185 WIRELESS MOUSE - RED,24.95,13.88,-0.35,1499,0.12
162464714282,LOGITECH MX ANYWHERE 2 WIRELESS MOBILE MOUSE,85,67.54,-0.27,0,0.25
162370961974,LOGITECH Harmony 350 Universal Remote,45,31.68,-0.21,87,0.29
112360960827,LOGITECH M337 BLUETOOTH MOUSE - BLUE,45,31.68,-0.21,0,0.12
162478140205,JABRA Jabra UC Voice 150 corded Mono Headset,49,35.24,-0.19,5,0.17
162472460569,JABRA Jabra PRO930 MS Wireless USB/Softphone,253,217.78,-0.14,60,0.45
112137442220,SANDISK◉32GB◉Extreme◉MicroSD◉SDHC◉90MB/s◉Class10◉U3◉4K◉Ultra◉HD◉Memory◉Card,34.99,26.71,-0.09,229,0.01
162370962014,LOGITECH H151 Single-pin Stereo Headset,32.2,20.08,-0.06,346,0.24
162370961970,LOGITECH H110 STEREO HEADSET (R),29,16.97,0.18,956,0.18
162154451170,SANDISK◉Extreme 32GB◉120MB/s Compact Flash CF◉UDMA7◉800x FULL HD◉MEMORY CARD◉Oz◉,59,47.77,0.33,0,0.02
162181191615,MICROSOFT◉Xbox 360◉Wireless Game Controller◉Black◉For X-Box PC◉Gamepad◉JR9-00012,49.9,35.42,0.44,127,0.51
112078328200,LOGITECH◉Drive◉Universal◉Dashboard Windshield◉SmartPhone◉Car◉Mount Holder Cradle,45,30.87,0.6,3931,0.21
162466976379,JABRA Jabra Voice 550 corded Mono Headset,82,63.93,0.66,0,0.18
162370852657,LOGITECH G640 LARGE CLOTH GAMING MOUSE PAD,49,34.33,0.72,27,0.44
112275698846,LOGITECH Bluetooth Audio Adapter,49,34.25,0.8,466,0.19
162370961990,LOGITECH K400 PLUS WIRELESS TOUCH KEYBOARD BLACK,65,48.07,1.3,277,0.52
112280684619,LOGITECH F710 WIRELESS GAMEPAD GAMING USB NANO RECEIVER PC EXT CABLE 1 YR WARNTY,69,51.59,1.36,29,0.4
112363727804,LOGITECH Wireless Mouse M560,59,42.55,1.45,0,0.17
112109448890,MICROSOFT◉Wireless Mouse 900◉Black◉Ergonomic◉USB Optical◉Long 2 yr Battery Life,29.9,16.5,1.46,4,0.22
112251886146,"DELL ULTRASHARP U2414H  24"" LCD MONITOR LED BackLight FULL HD MOUNT USB 3.0 HDMI",364.35,306.9,1.49,120,8
112369211583,JABRA PRO 9460 DECT Wireless Duo Desk & softph,405.92,349.5,1.6,21,0.7
111310418173,WACOM◉INTUOS PRO SMALL◉PTH-451/K1-CX◉GRAPHICS TABLET◉WINDOW/MAC◉WIRELESS KIT◉Oz◉,305.71,258.81,2.6,24,1.62
112280684584,LOGITECH F310 GAMEPAD,39,23.44,2.66,35,0.31
112373752699,JABRA Jabra Evlv 20 MS MonoHD Audio MS cert,62.06,44.06,2.68,0,0.14
112373752705,JABRA Jabra Evlv 20 UC Stereo,70.77,51.61,2.93,11,0.16
162370961969,LOGITECH H150 Sky Blue - AP,36.44,20.87,2.94,40,0.26
162464714278,LOGITECH multimedia Speakers Z213 (7W),49,28.44,3.21,368,1.89
162466695628,JABRA Ear gel kit S/M/L packaging unit,36.17,24.34,3.33,0,0
162204029435,SANDISK◉240GB◉UltraII◉2◉2.5◉SATAIII◉550MB/s◉Internal◉Solid-State-Drive◉SSD◉PC,169,139.06,3.39,0,0.07
111623248151,Microsoft◉Natural Ergonomic Keyboard 4000 Curved◉USB Port◉Windows PC Desktop◉Mac,74.95,51.37,3.51,0,1.83
162473670512,JABRA JABRA STEP WIRELESS IN-EAR EARPHONE,73.25,53.08,3.68,343,0.19
162370852633,LOGITECH G430 Gaming Headset,99,76.1,3.71,41,0.59
112078919618,MICROSOFT Arc ◉ Touch Scroll◉Bluetooth◉Ultra Portable Wireless Mouse ◉ BlueTrack,79,58.19,3.71,0,0.24
112369954904,JABRA JABRA ROX WIRELESS IN-EAR EARPHONE BLACK,119.65,94.56,3.73,83,0.17
162473683776,JABRA JABRA HALO FREE,66.52,47,3.74,110,0.1
162370852701,LOGITECH G610 ORION RED BACKLIT GAMING KEYBOARD,179.2,144.32,3.86,54,1.63
162370962003,LOGITECH K800 WIRELESS ILLUMINATED KEYBOARD (U),168.15,134.32,3.97,0,1.38
162154463140,MICROSOFT◉LifeCam HD-3000◉720P HD High Definition◉Webcam Noise Reducing◉Mic,49.9,31.79,4.07,46,0.22
112111966272,WACOM◉INTUOS COMIC PEN & TOUCH◉GRAPHIC TABLET◉SMALL◉CTH490◉Windows◉Mac◉USB◉Blue,143,111.57,4.22,335,0.68
112280772220,LOGITECH K810 BLUETOOTH ILLUMINATED KEYBOARD (U),164.75,134.32,4.33,0,0.57
112369966252,JABRA JABRA SPORT COACH BLUE,140.73,112.79,4.36,6,0.23
112373752762,JABRA Jabra SPEAK 510 MS USB-Conference,160.34,130.33,4.37,56,0.32
112373752438,JABRA Jabra Headset Hanger for PC,15.21,4.51,4.4,0,0
162473616638,JABRA GN2200 Ear Cushion,16.89,6,4.42,0,0.01
112369195203,JABRA GN2100 King Size Ear Plate,17.05,6.14,4.42,0,0.01
112369195199,JABRA GN2100 Large Ear Plate,16.89,6,4.42,0,0.01
112368206320,JABRA GN2100 ear cushions,16.89,6,4.42,0,0.01
112373752423,JABRA Jabra Stealth UC kit,20.48,9.19,4.44,0,0
112369187424,JABRA Jabra EVOLVE 65 USB Cable .,21.74,10.31,4.45,0,0
162472698856,JABRA Headset Pouch (Pack of 20),22.84,11.29,4.45,0,0
162472423480,JABRA GN2100 earhook,22.03,10.57,4.45,0,0.05
162472698858,JABRA Jabra Modular Lock 10pieces pack,24.62,12.87,4.46,0,0
162183319738,WACOM◉INTUOS PEN◉LP-190◉FOR CTL-490◉CTH-490◉CTH-690◉TABLET◉DRAW◉ART◉COMIC◉PHOTO,40,26.63,4.47,0,0.02
162478140002,JABRA headband for PRO 925/935 Mono 1 piece,28.49,16.31,4.49,0,0
162461221601,LOGITECH M105 CORDED MOUSE - RED,29.69,13.28,4.49,22,0.13
162472423456,JABRA PJ 327 2-Prong Jack,31.58,19.06,4.5,0,0.04
162478140046,JABRA BIZ 2400 neckband,30.89,18.45,4.5,0,0
162472698915,JABRA BIZ 2400 Headband Mono UNC,30.48,18.08,4.5,0,0
112373752462,JABRA BIZ 2400 earhook S+M,30.89,18.45,4.5,0,0.01
112369953616,JABRA JABRA BT2045 BT HEADSET,32.08,15.4,4.51,1107,0.07
112373752441,JABRA Charger for Headsets PRO925/935,32.37,19.76,4.51,1,0.02
112369195260,JABRA GN2000 Foam ear cushions,32.28,19.68,4.51,0,0.01
162478139959,JABRA Supreme UC acessory,31.37,18.87,4.51,0,0.05
112369188000,JABRA QD to 3.5mm plug,34.15,21.34,4.52,0,0.02
112369195213,JABRA 2.5mm to QD cord,34.15,21.34,4.52,1,0.04
112369195202,JABRA GN Netcom/Jabra Standard Cord,34.15,21.34,4.52,59,0.04
112369211579,JABRA QD to 2.5mm plug Pana,34.15,21.34,4.52,9,0.01
162472460571,JABRA QD to RJ10 cable Siemens,34.15,21.34,4.52,1,0.04
162472698845,JABRA QD to RJ10 Siemens,34.15,21.34,4.52,0,0.02
112078822140,HP◉ 62 Tri-Color ◉ Ink CARTRIDGE◉ Envy & OfficeJet 5540 5665 5640 7640 5740 8040,35.2,22.28,4.52,2026,0.05
162478140179,JABRA wind screen foam for PRO 94XX,35.49,22.54,4.52,0,0
162461221594,LOGITECH M187 WIRELESS MINI MOUSE - BLUE,35.2,18.18,4.52,109,0.1
112373752805,JABRA QD to 2.5mm Plug - Ericsson,33.7,20.94,4.52,0,0.01
162473667641,JABRA JABRA BT2047 BLUETOOTH HEADSET,35.79,18.7,4.53,0,0.08
112369317985,JABRA GN1200,35.33,22.39,4.53,31,0.02
112365848559,JABRA Audio Enhancer GN1200CC,35.33,22.39,4.53,82,0.04
112360960813,LOGITECH M235 WIRELESS MOUSE (COLT GREY),35.75,18.67,4.53,483,0.12
162478140133,JABRA Jabra MOTION UC MS,210.82,175.34,4.54,0,0.12
112373752797,JABRA Jabra MOTION UC,210.82,175.34,4.54,0,0.1
112373752642,JABRA GN2000 Leather ear cushion,37.49,24.31,4.54,0,0.02
162472697999,JABRA QD to RJ45 cable,37.32,24.16,4.54,0,0
112369317987,JABRA GN2100 King Size earcushion,37.93,24.7,4.55,0,0
112369187998,JABRA LINK Mobile QD to 3.5 mm w.PTT,39.11,25.75,4.55,0,0.02
162370961980,LOGITECH HINGE CASE FOR IPHONE 7 BLUE,39.71,22.19,4.55,201,0.18
112369318466,JABRA Voice 150 Ear Cushions,39.67,26.25,4.55,0,0.04
112369317993,JABRA Jabra A Charger ANZ for Headset,39.34,21.86,4.55,0,0.08
112280772190,LOGITECH HINGE CASE FOR IPHONE 7+ BLUE,39.71,22.19,4.55,0,0.2
162478140362,JABRA GN1216 Avaya curly cord,40.93,27.37,4.56,0,0.04
112373752804,JABRA SUPERVISOR cord w. mute,42.18,28.48,4.57,0,0.04
162183299229,WACOM◉INTUOS SOFT CARRY CASE◉MEDIUM◉GREY◉For CTH-680◉CTH-690 TabletACK-413-022-Z,42.72,24.86,4.57,0,0.29
162464714362,LOGITECH Z120 SPEAKER SYSTEM 2.0,42.49,21.26,4.57,112,0.66
112363727820,LOGITECH X50 MOBILE WIRELESS SPEAKER - ORANGE,53.3,34.33,4.57,6,0.21
112373752476,JABRA EVOLVE 30 HS MONO,43.94,30.05,4.58,0,0
112369195248,JABRA LINK Siemens Openstage cord,42.61,28.86,4.58,0,0.02
162364815833,LOGITECH C170 WEBCAM,43.28,25.36,4.58,160,0.16
112280772191,LOGITECH K230 WIRELESS KEYBOARD (U),43.63,25.67,4.58,0,0.48
112369211582,JABRA Power supply AUS/NZ,45.65,27.47,4.59,0,0.08
112360960845,LOGITECH MK200 MEDIA COMBO,47.16,25.41,4.6,0,0.86
112360960867,LOGITECH M325 WIRELESS MOUSE - LIGHT SILVER (U),47.3,28.93,4.6,27,0.13
112363727848,LOGITECH Wireless Mouse M325 - Moody Midnight,47.3,28.93,4.6,2,0.15
112360960814,LOGITECH M325 WIRELESS MOUSE - DARK SILVER (U),47.3,28.93,4.6,533,0.13
162473667633,JABRA JABRA CLASSIC MONO BT HEADSET BLACK,48.16,29.7,4.6,360,0.1
162473667638,JABRA JABRA CLASSIC MONO BT HEADSET WHITE,48.16,29.7,4.6,55,0.09
112369953618,JABRA JABRA CLASSIC MONO BT HEADSET RED,48.16,29.7,4.6,68,0.1
162472460584,JABRA QD Mute Cable,48.5,34.1,4.61,10,0.02
112373752356,JABRA Leatherette Ear Cushions L,48.76,34.33,4.61,0,0
162478140259,JABRA EVOLVE 30 HS STEREO,48.76,34.33,4.61,0,0
112360960825,LOGITECH M337 BLUETOOTH MOUSE - RED,50.39,31.68,4.62,824,0.14
162461279061,LOGITECH M337 BLUETOOTH MOUSE - BLACK,50.39,31.68,4.62,0,0.12
112280684601,LOGITECH GAMING MOUSE G300S OPTICAL 2500 dpi SCROLL WHEEL 9 BUTTON 2 YR WARRANTY,51.82,32.95,4.63,179,0.19
162473623954,JABRA JABRA SPORT CORDED IN-EAR,53.11,34.1,4.63,0,0.11
112363727943,LOGITECH X50 MOBILE WIRELESS SPEAKER - BLACK,53.37,34.33,4.64,100,0.21
112363727803,LOGITECH X50 MOBILE WIRELESS SPEAKER - BLUE,53.37,34.33,4.64,61,0.2
162478140007,JABRA EHS Adapter - Cisco,53.33,38.39,4.64,44,0.04
162478140040,JABRA EHS-Adapter for 9120 DHSG GN 93XX,53.33,38.39,4.64,0,0.05
112363727857,LOGITECH Wireless Mouse M545 - Black,53.96,34.85,4.64,171,0.14
112360960891,LOGITECH MK270r Wireless Combo,54.92,32.31,4.64,1624,0.78
112373752502,JABRA EHS Adapter - Cisco,53.33,38.39,4.64,0,0.05
112373752680,JABRA Jabra UC Voice 150 crd Mono Headset MSOC,54.4,35.24,4.65,72,0.17
112280772222,LOGITECH H340 USB HEADSET - BLACK,55.58,36.29,4.65,256,0.25
162154881053,BELKIN◉Mini Display Port to HDMI Cable◉3.6M Length◉For Macbook HDTV Tablet◉BLACK,56.52,37.14,4.65,16,0.25
112369966251,JABRA JABRA SOULMATE MINI BT SPK BLACK,56.83,37.4,4.66,0,0.49
162362541410,LOGITECH C270 HD WEBCAM,57.53,38.03,4.66,0,0.21
112251932218,TP-Link TL-WA850RE 300Mbps Universal WiFi Range Extender 2.4Ghz WPS Wireless Oz,56.95,37.51,4.66,811,0.28
112369318477,JABRA Desk phone cable Jabra EVOLVE,57.21,41.84,4.66,0,0
162478140180,JABRA Jabra UC Voice 150 crd Duo Headset MSOC,57.94,38.39,4.67,43,0.2
112373752397,JABRA Alactel MSH-Adapter,57.94,38.39,4.67,5,0.06
162473684819,JABRA JABRA STYLE WHITE BT HEADSET,59.3,39.6,4.67,16,0.08
112369966789,JABRA JABRA STYLE BT HEADSET,59.3,39.6,4.67,39,0.09
112373752402,JABRA LINK 14201-44 (NEC CABLE),57.46,42.06,4.67,0,0.04
162472423457,JABRA DanaSwitch Adapter,57.46,37.96,4.67,0,0.16
112369318476,JABRA Jabra Cord Clip 10pieces pack,58.45,42.94,4.67,0,0
112369954886,JABRA JABRA BOOST BT HEADSET WHITE,60.54,40.7,4.68,20,0.09
162473667637,JABRA JABRA BOOST BT HEADSET BLACK,60.54,40.7,4.68,0,0.09
112369954893,JABRA JABRA BOOST BT HEADSET GOLD,60.54,40.7,4.68,34,0.09
162370852643,LOGITECH G302 DAEDALUS PRIME MOBA GAMING MOUSE,60.09,40.3,4.68,12,0.21
112360960866,LOGITECH M557 Bluetooth Mouse - White,63.11,42.99,4.69,16,0.16
112373752490,JABRA Jabra Speak 810 Pwr Sup separate accesry,62.73,42.65,4.69,0,0.25
162461279122,LOGITECH M557 Bluetooth Mouse - Grey,63.11,42.99,4.69,13,0.16
112369317989,JABRA EHS-Adapter for Avaya Desk phone,64.16,48.02,4.7,0,0.04
162091296904,Jabra◉DRIVE Talk Simple & Safe◉Bluetooth In-Car SpeakerPhone◉Hands-Free Calls◉Oz,64.25,44,4.7,0,0.21
112369896117,JABRA JABRA SPEAKERPHONE DRIVE,64.25,44,4.7,0,0.21
112373752662,JABRA Jabra Evlv 20 UC MonoHD Audio,64.32,44.06,4.71,273,0.14
112280772192,LOGITECH K380 MULTI-DEVICE BLUETOOTH KB - BLACK,64.7,44.4,4.71,0,0.53
112078931749,BELKIN◉Road Rockstar◉4-Port FronT◉Passenger Car Charger◉For Apple Samsung iPhone,64.89,44.57,4.71,0,0.22
162478140198,JABRA Jabra UC Voice 250 corded Mono-Headset,65.22,44.86,4.71,1,0.14
162472697994,JABRA single headset for PRO 925/935 mono,165.59,138.79,4.71,0,0.04
112280772175,LOGITECH H390 STEREO USB HEADSET (R),66.26,45.79,4.71,334,0.3
112369966256,JABRA JABRA HALO FUSION BLUETOOTH HEADSET,67.96,47.3,4.72,97,0.15
112280772204,LOGITECH K400 PLUS WIRELESS TOUCH KEYBOARD WHITE,68.83,48.07,4.73,38,0.53
112275698890,LOGITECH C615 HD WEBCAM,86,63.43,4.74,41,0.22
162364815842,LOGITECH C525 HD WEBCAM,71.81,50.72,4.75,0,0.22
112373752728,JABRA Jabra Evlv 20 MS StereoHD Audio MS cert,72.81,51.61,4.75,7,0.17
112280684576,LOGITECH G402 Hyperion Fury Gaming Mouse,71.81,50.72,4.75,136,0.23
162461279085,LOGITECH MK345 Wireless Combo,74.25,49.49,4.76,0,0.96
112363727941,LOGITECH Z200 Multimedia Speakers - Snow White,75.41,50.52,4.77,0,1.3
162473684822,JABRA JABRA STEALTH MONO HEADSET,76.96,59.4,4.78,0,0
112280772208,LOGITECH K480 Bluetooth Multi-Device Keyboard-Wht,76.68,51.65,4.78,0,1.01
162473670501,JABRA JABRA STEP BT HEADSET,76.63,55,4.78,539,0.19
112280772215,LOGITECH H570e USB Headset Stereo,76.59,54.97,4.78,21,0.22
112128930221,MICROSOFT◉LifeChat LX-6000◉- For◉Business ◉7XF-00003,77.49,55.77,4.78,9,0.3
162182062576,LOGITECH◉EXTREME 3D PRO◉JOYSTICK GAMING◉GAME CONTROLLER◉WINDOWS PC◉USB◉Oz,75.64,50.72,4.78,5,1.26
112280772186,LOGITECH HARMONY 650 REMOTE (BP),78.96,57.08,4.79,99,0.32
162472460577,JABRA EHS-Adapter for Avaya Desk phone,77.82,56.06,4.79,1,0.12
112280772210,LOGITECH KEYS-TO-GO KB FOR ANDROID & WINDOWS,78.4,56.58,4.79,22,0.36
161639575021,Jabra Storm ◉ Bluetooth Headset ◉ Blocks Noise ◉HD Voice◉NFC◉10Hrs TalkTime◉ Mic,80.34,58.3,4.8,313,0.09
112369954900,JABRA JABRA STORM MONO HEADSET,80.34,58.3,4.8,313,0.09
162154910713,MICROSOFT◉ Wireless Desktop 3050 ◉ with AES USB Ergonomic Keyboard ◉ Mouse,80.2,54.78,4.8,94,1.28
162464714279,LOGITECH R400 WIRELESS PRESENTER,81.18,59.05,4.81,292,0.14
112109414982,MICROSOFT◉OFFICE 365◉Personal Word Excel PowerPoint Outlook Access◉1 PC/Mac◉1yr,85.01,66.55,4.83,135,0.05
162154893940,JABRA◉Stealth Mono◉Headset HD Sound◉with NOISE Reduction◉COMFORT DESIGN◉Wireless,85.29,62.7,4.83,0,0.12
112280684580,LOGITECH DRIVING FORCE SHIFTER,85.15,59.18,4.83,20,1.13
162473684831,JABRA JABRA STEALTH MONO HEADSET,85.29,62.7,4.83,0,0.12
112369966788,JABRA JABRA HALO SMART BLUETOOTH HEADSET BLACK,86.52,63.8,4.84,104,0.17
112369966796,JABRA JABRA HALO SMART BLUETOOTH HEADSET BLUE,86.52,63.8,4.84,163,0.17
112369966784,JABRA JABRA HALO SMART BLUETOOTH HEADSET RED,86.52,63.8,4.84,0,0.18
162370852651,LOGITECH G303 Daedalus Apex Edition Gaming Mouse,86.11,63.43,4.84,0,0.21
112369318472,JABRA Jabra Voice 550 corded Mono Headset MSOC,86.67,63.93,4.84,32,0.18
162478140315,JABRA DIAL 750,86.18,60.09,4.84,0,1
162472698862,JABRA Jabra QD Lock 10pieces pack,87.43,68.7,4.85,0,0
162473623952,JABRA JABRA STREAMER BLUETOOTH,87.76,64.9,4.85,32,0.16
112360960831,LOGITECH M570 WIRELESS TRACKBALL (R),89.97,66.86,4.86,37,0.33
162478140187,JABRA Jabra EVOLVE 30 II UC Mono,89.6,66.53,4.86,5,0.2
162370961973,LOGITECH H540 USB HEADSET - BLACK,90.26,67.12,4.86,231,0.38
112363727863,LOGITECH X300 MOBILE SPEAKER - BLACK/SILVER GRILL,92.05,68.71,4.87,479,0.5
162464714323,LOGITECH X300 Mobile Speaker - Red / Red Grill,92.05,68.71,4.87,83,0.5
112076634294,BELKIN◉Family RockStar◉4-Port USB Mobile Charger◉1 yr Warranty◉5.4 Amp◉Adaptor,89.99,66.87,4.87,5,0.58
162461279120,LOGITECH MK520r Wireless combo,91.14,64.5,4.87,0,1.24
162473623949,JABRA JABRA TOUR BT SPEAKERPHONE,92.71,69.3,4.88,727,0.33
112369891739,JABRA GN 1000 Remote Hookswitch Lifter,96.92,73.04,4.9,3,0.23
112373752593,JABRA EVLV 30 II UC STEREO,98.1,74.09,4.91,12,0.24
162478140125,JABRA Jabra EVOLVE 30 II MS Stereo,98.1,74.09,4.91,24,0.23
162478140319,JABRA UC VOICE 750 MS MONAURAL CORDED DARK,97.7,73.73,4.91,8,0.15
162478140342,JABRA UC VOICE 750 MONAURAL CORDED DARK,97.7,73.73,4.91,52,0.16
112369954899,JABRA JABRA MOVE WIRELESS HEADPHONES BLK,102.61,78.1,4.94,304,0.33
162473670498,JABRA JABRA MOVE WIRELESS HEADPHONES RED,102.61,78.1,4.94,97,0.49
162473670504,JABRA JABRA MOVE WIRELESS HEADPHONES BLU,102.61,78.1,4.94,65,0.47
162478140123,JABRA Jabra EVOLVE 30 II MS Mono,89.7,66.53,4.95,0,0.2
112363727836,LOGITECH Ultrathin Touch Mouse T630,104.31,79.61,4.95,9,0.28
112373752854,JABRA UC VOICE 750 BINAURAL CORDED DARK.,104.89,80.12,4.96,13,0.19
162478140335,JABRA UC VOICE 750 MS BINAURAL CORDED DARK,104.89,80.12,4.96,4,0.17
162473683778,JABRA JABRA SPORT PACE RED,105.09,80.3,4.96,0,0.22
112110851474,JABRA◉ Sport Pace◉Yellow◉Wireless Bluetooth◉Earbuds Earset Earphones Headset ,105.09,80.3,4.96,0,0.22
112078924651,JABRA◉ Sport Pace◉Blue◉Wireless Bluetooth◉Earbuds Earset Earphones Headset ,105.09,80.3,4.96,0,0.22
162473683775,JABRA JABRA SPORT PACE YELLOW,105.09,80.3,4.96,142,0.21
162473683788,JABRA JABRA SPORT PACE BLUE,105.09,80.3,4.96,0,0.22
112110855911,JABRA◉ Sport Pace◉Red◉Wireless Bluetooth◉Earbuds Earset Earphones Headset ,105.09,80.3,4.96,0,0.22
162027447983,Jabra Supreme+ PLUS◉Bluetooth Headset◉HD Voice◉iPhone 5 6 7 7+◉Galaxy S5 S6 S7 ◉,106.4,81.4,5.03,0,0.19
112373752691,JABRA Jabra QD Converter Lock,106.8,85.84,5.05,0,0
112363727840,LOGITECH R700 - PROFESSIONAL PRESENTER,107.17,82.06,5.06,0,0.16
162473623948,JABRA JABRA SPEAKER FOR PC 410,108.99,83.6,5.15,174,0.38
112360960850,LOGITECH MK550 WIRELESS WAVE COMBO (U),111.18,82.06,5.25,0,1.77
112280684623,LOGITECH G502 PROTEUS SPECTRUM RGB TUNABLE MOUSE,115.74,89.32,5.47,0,0.29
112363727809,LOGITECH◉Wireless Mouse M545◉Silver◉Unifying-ready◉Dual-Axis Wheel◉Pico Receiver,55,34.85,5.57,38,0.13
112280772226,LOGITECH H600 WIRELESS HEADSET (R),120.32,93.19,5.7,62,0.31
112369896115,JABRA JABRA SPEAKERPHONE FREEWAY,120.69,93.5,5.72,0,0.31
112363727845,LOGITECH USB Headset Mono H650e,122.08,94.68,5.78,24,0.26
112373752774,JABRA Jabra SPEAK 510 USB-Coference solution,162,130.33,5.86,19,0.32
112369954906,JABRA JABRA SPORT ROX WIRELESS,124.58,96.8,5.9,0,0.19
111623239046,◉Jabra ROX Wireless◉Dust Resistant Bluetooth Stereo Headset◉iPhone Android◉Black,124.58,96.8,5.9,106,0.17
112369966786,JABRA JABRA MOTION BT HEADSET,124.58,96.8,5.9,53,0.17
112369954903,JABRA JABRA ROX BT STEREO IN EAR HP BLACK,124.58,96.8,5.9,106,0.17
112373752730,JABRA LINK 265,127.26,99.07,6.03,1,0.1
162478140203,JABRA Jabra Evlv 40 MS MonoHD Audio MS cert,128.17,99.84,6.07,22,0.23
112373752704,JABRA Jabra Evlv 40 UC MonoHD Audio,128.17,99.84,6.07,102,0.22
162370962007,LOGITECH K830 ILLUMINATED LIVING-ROOM KEYBOARD R1,128.93,97.08,6.11,166,0.81
162473623950,JABRA JABRA SPEAK 510 SPEAKERPHONE,131.08,102.3,6.22,0,0.38
162478140446,JABRA LINK 850 Amplifier,134.21,104.95,6.37,7,0.24
162478140277,JABRA PRO 9XX Mono headset,134.54,109.33,6.38,0,0.04
112373752586,JABRA Jabra Evlv 40 MS StereoHD Audio MS cert,137.09,107.39,6.51,88,0.26
112373752588,JABRA Jabra Evlv 40 UC StereoHD Audio,137.09,107.39,6.51,49,0.26
112369966264,JABRA JABRA ECLIPSE BLUETOOTH HEADSET BLACK,138.87,108.9,6.59,0,0.18
162473683779,JABRA JABRA ECLIPSE BLUETOOTH HEADSET WHITE,138.87,108.9,6.59,46,0.18
112363727837,LOGITECH USB Headset Stereo H650e,139.11,109.1,6.6,14,0.28
112373752605,JABRA Speak 410 UC,143.5,112.82,6.81,52,0.29
112363727944,LOGITECH Z506 SURROUND SPEAKERS 5.1 (A),144.74,104.97,6.87,95,5.49
112373752415,JABRA Headset Dock PRO 94XX 5 Units,144.84,110.55,6.88,0,1.02
112111962237,WACOM◉INTUOS COMIC PEN & TOUCH◉GRAPHIC TABLET◉SMALL◉CTH490◉Windows◉Mac◉USB◉Black,146.04,111.57,6.94,0,0.67
162177798037,WACOM◉Intuos ART Creative Pen & Touch Graphic Tablet◉CTH-490/K0-C◉Black◉PC◉MAC◉,146.04,111.57,6.94,202,0.67
112369891738,JABRA GN Netcom/2120NC 2in1 Headset,146.12,115.03,6.95,20,0.15
162154858901,ELGATO◉Video Capture◉Convert VHS NTSC Video8 Hi8 NTCS to H.264◉MAC WINDOWS PC◉Oz,147.4,116.12,7,17,0.23
112078828446,CISCO◉SPA112◉2 Port Analogue Phone Adaptor (ATA)◉For VOIP FAX◉SPA -112,79,54.89,7.01,377,0.5
112363727815,LOGITECH MX MASTER WIRELESS MOUSE,148.24,116.83,7.04,307,0.33
112110397950,LOGITECH◉MX Master◉Wireless Mouse◉For Windows Mac◉Bluetooth◉Rechargable◉Laser◉,148.24,116.83,7.04,307,0.33
112275698843,LOGITECH C922 PRO STREAM WEBCAM,148.24,116.83,7.04,74,0.35
162370852658,LOGITECH G310 ATLAS DAWN MECHANICAL GAMING KB,149.13,114.18,7.09,0,1.11
112137379972,SANDISK◉UltraII◉480GB◉2.5◉SATAIII◉7mm◉Internal-Solid-State◉Drive◉SSD◉550MB/s,269,227.94,8.11,0,0.01
162473670500,JABRA JABRA SPORT PULSE BT HEADSET,180.16,144.32,8.12,1,0.24
112280684592,LOGITECH G900 CHAOS SPECTRUM MOUSE,210.98,171.8,8.23,131,0.5
112280684590,LOGITECH G633 Artemis Spectrum RGB Gaming Headset,214.8,171.8,8.25,203,0.86
162370961975,LOGITECH HARMONY COMPANION,214.94,171.92,8.25,0,0.72
162370852699,LOGITECH G810 ORION SPECTRUM RGB MECHANICAL KB,216.89,173.66,8.26,75,1.63
112363727871,LOGITECH Z623 SPEAKER SYSTEM 2.1,218.12,169.25,8.27,324,10
112373752698,JABRA Jabra Evlv 65 MS MonoHD Audio MS cert,229.29,188.08,8.33,0,0.28
112373752706,JABRA Jabra Evlv 65 UC MonoHD Audio,229.29,188.08,8.33,0,0.28
162370961976,LOGITECH Harmony Ultimate One,228.5,183.98,8.33,6,0.75
112369188002,JABRA Jabra MOTION UC+,230.16,188.84,8.35,2,0.2
162478140239,JABRA JABRA EVOLVE 65 UC STEREO,237.79,195.64,8.38,0,0.31
112373752794,JABRA Jabra Evlv 65 MS StereoHD Audio MS cert,237.79,195.64,8.38,72,0.31
112280684596,LOGITECH G933 PERSEUS FIRE WIRELESS HEADSET,253.5,206.2,8.48,68,0.94
112105809655,WACOM◉Intuos ART Creative Pen & Touch Graphic Tablet◉CTH-690◉Medium◉Black◉PC◉MAC,270.47,221.28,8.59,590,0.97
112369211586,JABRA Jabra PRO 935 BT - AU NZ - MS Lync Vers,287.14,239.5,8.69,19,0.44
112369188003,JABRA P10 Headset Adapter (Pack of 25),304.83,259.33,8.79,0,0
162478140366,JABRA PRO 9450 DECT Wireless Mono Desk & Softp,356.56,297.81,9.11,0,0.66
162203752280,SANDISK◉64GB◉Ultra◉MicroSD◉SDXC◉80MB/s◉Class10◉UHS◉Extreme◉Mobile◉Memory◉Card,59,38.83,9.27,1796,0.02
112369317991,JABRA PRO 9460 DECT Wireless Mono Desk & softp,395.33,332.27,9.35,7,0.67
112369318467,JABRA Jabra Motion office UC version,405.51,341.32,9.41,3,0.65
112369318467,JABRA Jabra Motion office UC version,405.51,341.32,9.41,3,0.65
112369317988,JABRA Jabra Motion office MS version,405.51,341.32,9.41,13,0.66
112111706897,WACOM◉Intuos ART Creative Pen & Touch Graphic Tablet◉CTH-490/B0-C◉Blue◉PC◉MAC◉,149,111.57,9.58,184,0.66
112110741138,WACOM◉Intuos ART Creative Pen & Touch Graphic Tablet◉CTH-490/K0-C◉Black◉PICKUP◉,149,111.57,9.58,202,0.67
112373752819,JABRA PRO 9470 DECT Wireless Mono Mobile desk,434.2,366.82,9.59,18,0.71
162182070296,LOGITECH◉G29◉Driving Force◉Racing Wheel◉For PS3 4 PC◉Steering◉PlayStation◉Gaming,444.08,370.1,9.65,206,7.08
112369966259,JABRA JABRA SPORT COACH RED,154.82,119.9,9.86,21,0.23
112369966250,JABRA JABRA SPORT COACH BLUE,154.82,119.9,9.86,12,0.23
112369966257,JABRA JABRA SPORT COACH YELLOW,154.82,119.9,9.86,21,0.22
112363727946,LOGITECH Z906 SURROUND SPEAKERS 5.1,482.24,404.02,9.88,40,16.9
162478140003,JABRA Jabra PRO 920/930 Duo Heads,155.25,120.27,9.88,0,0.08
112280772177,LOGITECH H800 WIRELESS HEADSET (R),155.1,120.13,9.88,42,0.3
112275698850,LOGITECH C925E WEBCAM,157.29,121.99,9.98,191,0.22
112137381607,OUT OF STOCK◉Plus◉240GB◉2.5◉SATAIII◉7mm◉Internal◉Solid-State-Drive◉SSD◉530MB/s,159,123.44,10.07,0,0.06
162464714349,LOGITECH Z533 MULTIMEDIA SPEAKERS,161.69,116.82,10.19,0,6.15
112373752517,JABRA single headset PRO 925/935 mono with NFC,161.53,129.68,10.19,0,0.04
162478140218,JABRA Jabra BIZ 2300 USB Mono for MS,161.75,125.77,10.2,5,0.17
112111994280,WACOM◉INTUOS PHOTO PEN & TOUCH◉GRAPHIC TABLET◉SMALL◉CTH490◉Windows◉Mac◉USB◉Black,166.58,126.46,10.43,152,0.67
112280684589,LOGITECH G610 ORION BROWN BACKLIT GAMING KB,187.68,144.32,11.45,89,1.63
112280684624,LOGITECH G610 ORION BLUE BACKLIT GAMING KB,187.68,144.32,11.45,279,1.64
112280684621,LOGITECH G35 - HEADSET,196.43,151.73,11.87,4,0.77
162478140267,JABRA Jabra BIZ 2300 USB Duo for MS,196.38,155.08,11.88,0,0.19
162472697987,JABRA single Headset for MOTION UC /MOTION UC,196.87,159.6,11.9,0,0
162472460583,JABRA Jabra PRO920 Wireless Telephony/Desk,255,207.47,11.95,101,0.45
112369954895,JABRA JABRA SPORT PULSE BT HEADSET,202.89,160.6,12.19,0,0.24
162478140047,JABRA PRO 9450 Mono headset,206.72,167.94,12.37,3,0.05
112363727908,LOGITECH MX800 Wireless PerformanceCombo,211.83,164.76,12.63,0,1.65
162182362028,WACOM◉Intuos ART Creative Pen & Touch Graphic Tablet◉CTH-690◉Medium◉Black◉PICKUP,275,221.28,12.65,590,0.97
162335239519,EATON 3S 700VA 420W STANDBY POWER BOARD UPS SURGE PROTECTION ADSL + LAN PC MAC,162.19,119.46,13.5,57,4.82
111180202028,"WACOM CINTIQ 22"" 22HD DTK-2200 PEN GRAPHICS INTERACTIVE TABLET DISPLAY 1920x1080",2888.43,2542.84,24.6,23,14
111957120033,"WACOM CINTIQ 22"" 22HD DTK-2200 PEN GRAPHICS INTERACTIVE TABLET DISPLAY 1920x1080",2888.43,2542.84,24.6,23,14
112109475067,"WACOM◉CINTIQ 22"" 22HD◉DTK-2200◉PEN GRAPHICS INTERACTIVE TABLET◉DISPLAY 1920x1080",2888.43,2542.84,24.6,23,14
112280772203,LOGITECH K780 MULTI-DEVICE WIRELESS KEYBOARD,126.64,74.37,26.77,688,1.08
162182383226,WACOM◉Cintiq 27QHD◉Graphics Interactive Pen Display Tablet◉DTK-2700◉PICKUP SYD◉,3948.34,3485,31.06,8,15.26
112105842073,WACOM◉Cintiq 27QHD◉Graphics Interactive Pen Display Tablet◉DTK-2700◉2560x1440◉Oz,3948.34,3485,31.06,8,15.26
162183492672,"WACOM◉Cintiq 27QHD◉Creative Pen and Touch Graphic Tablet◉27"" Display◉Multi-Touch",4478.28,3956.07,34.29,0,16
112110398638,LOGITECH◉Harmony Elite◉Universal Remote Control◉Smart Wireless◉2 IR Hub◉Battery,414.08,297.32,61.08,0,1.15
161573939088,UNIBALL JETSTREAM RETRACTABLE REFILL SXR-7 x 1  0.7mm FOR SXN-217 SXN-157S PEN,4.25,,,,
112258989462,GARMIN VIVOSMART HR+ REGULAR ActivityTracker SMART GPS WristBased HeartRate BAND,315,,,,
111582670046,DERWENT ARTISTS 12 24 36 72 BLENDABLE COLOUR PENCILS TIN SET *ART*CRAFT*DRAWING*,24.95,,,,
111666061539,BROTHER◉JA1400 Sewing Machine◉Portable Free Arm◉LED◉Top Load Bobbin◉JS1400◉LED◉,129.95,,,,
181250233976,SHARPIE◉1 BLACK PERMANENT MARKER PEN◉ULTRA FINE◉0.3mm TIP POINT◉WATER RESISTANT◉,4.58,,,,
181217193309,UNIBALL ◉ JETSTREAM SXN-217 3 x RETRACTABLE 0.7mm PEN◉BLACK BLUE RED◉ACID FREE◉,13.45,,,,
111957082204,BAUM GARTENS◉PENAGAIN ERGONOMIC 2 x PENCILS◉COMFORTABLE◉TWIST n WRITE◉EASY HOLD◉,13.5,,,,
162100500207,UNI-BALL JETSTREAM SXN-210 x 1 RETRACTABLE 1 mm PEN BLACK BLUE RED ART ACID FREE,3.89,,,,
162027442525,BAUM GARTENS ERGONOMIC PACK OF 5 x PENCIL REFILLS OF TWIST n WRITE PENAGAIN EASY,99,,,,
111188040341,UNI JETSTREAM SXN-210 x 4 UNIBALL RETRACTABLE 1 mm PEN 2 BLACK+2 BLUE  ACID FREE,12.89,,,,
162027460543,BAUM GARTENS◉PENAGAIN ERGONOMIC PEN◉COMFORTABLE◉RETRACTABLE◉ARTHRITIS◉EASY HOLD◉,12.95,,,,
112024357780,ZIONS SBE14 50 x PAY ENVELOPE 165mmx90mm SMALL BUSINESS ESSESNTIAL ATO COMPLIANT,6.29,,,,
162344876741,GARMIN VivoActive◉HR◉SmartWatch◉ActivityTracker◉BLACK◉X-Large◉HeartRate◉GPS◉BAND,360,,,,
181217203983,UNIBALL JETSTREAM SX-210 x 1 ROLLER BALL 1 MM PEN BLACK BLUE RED ART ACID FREE,3.55,,,,
161309179867,UNI POSCA CHALK MARKER PWE-5M 1.8-2.5mm BULLET TIP PEN GLASS WINDOW BLACKBOARD,6.25,,,,
111170147534,UNIBALL JETSTREAM SX-217 x 1 ROLLER BALL 0.7 MM PEN BLACK BLUE RED ART ACID FREE,4.25,,,,
161712495294,2 x HotHands Hand ◉ 1 Pair Toe Warmers ◉ Disposable ◉ 8 Hours Heat ◉ Ultra Thin◉,3.95,,,,
162100500206,UNI-BALL◉UM-153S x 3◉SIGNO GEL IMPACT◉ROLLER BALL◉1.0 MM PEN◉BLACK/BLUE/RED◉ART◉,14.95,,,,
161277398616,ZIONS SYSTEMS◉POCKET SIZE VEHICLE LOG BOOK PVLB◉64 PAGES◉ATO COMPLIANT◉CAR TRUCK,4.72,,,,
161974914264,STAEDTLER◉#334 20 x ASSORTED◉TRIPLUS FINELINER PEN◉0.3mm FELT TIP◉ART◉DESIGN◉OZ◉,27.75,,,,
112024365279,UNIBALL JETSTREAM SXN-210 x 12 BLUE PEN JETSTREAM RETRACTABLE 1mm ACID FREE INK,29.95,,,,
161268397882,UNI PIN◉200 FINE LINER BLACK PEN◉DRAW ART MARKER WATER/FADE PROOF◉9 SIZE CHOICE◉,3.99,,,,
162091299166,WILDON 86W POCKET SIZE VEHICLE & BUSINESS EXPENSES LOG BOOK ATO TAX COMPLIANT OZ,4.89,,,,
161377327752,UNI POSCA CHALK MARKER PWE-3MS 0.9-1.3mm BULLET TIP PEN GLASS WINDOW BLACKBOARD,3.95,,,,
112081250613,GARMIN◉VivoFit 2◉Fitness Sleep Activity Tracker◉WristBand◉BLACK◉Shows Calories◉,198,,,,
181238528713,WACOM❖BAMBOO STYLUS PEN DUO CS-110❖Apple iPad Air 3/4/Mini❖iPhone 5/6/6S/7/7+PRO,28.3,,,,
112257879162,GARMIN VivoActive◉HR◉SmartWatch◉ActivityTracker◉BLACK◉Regular◉HeartRate◉GPS◉BAND,360,,,,
162100500202,SHARPIE ◉ FLURO NEON Markers x 4 ◉Permanent Sharpies◉Marker Pen Texta◉Fine Point,9.95,,,,
161095709114,UNI POSCA FLEXIBLE BRUSH TIP PCF-350 x 1 MARKER 0.1-10mm PAINT ART CALLIGRAPHY,8.37,,,,
112007304573,4 x HotHands◉2 Pairs Hand Warmers◉Disposable◉10 Hours Heat◉Pocket Glove◉USA Made,6.95,,,,
161724588910,SHARPIE◉STAINED FABRIC PERMANENT MARKER PEN PACK◉LAUNDRY◉CLOTH◉LINEN◉PAINT SET◉ ,10.35,,,,
162027491358,ARTLINE 210 0.6mm 12 x FINE FINELINER MARKER PEN ASSORTED COLOUR FELT TIP EK-210,29.05,,,,
112024365270,COLLINS A24 ACCOUNT BOOK DOUBLE LEDGER ANALYSIS LEAF A4 STAPLED SOFT RED COVER,3.99,,,,
112058001053,STAEDTLER◉#334 6 x PASTEL PEN◉WALLET◉TRIPLUS FINELINER◉0.3mm FELT TIP◉ART◉DESIGN,14.95,,,,
111957120003,WILDON 87W POCKET SIZE VEHICLE LOG BOOK ATO NRMA COMPLIANT 64 PAGES CAR TRUCK OZ,3.14,,,,
161974922185,STAEDTLER◉#334 36 x ASSORTED◉TRIPLUS FINELINER PEN◉0.3mm FELT TIP◉ART◉DESIGN◉OZ◉,49.95,,,,
111147657478,BOSTIK BLU TACK 75g RE-USABLE ADHESIVE PICTURE POSTER BLUE BLUTAK TAK TAC BLUTAC,5.99,,,,
181217223368,UNIBALL EYE MICRO 1 x UB-150 0.5 MM PEN MARKER ART OFFICE BLUE BLACK GREEN RED,4.09,,,,
111957056271,SHEAFFER◉CLASSIC CALLIGRAPHY FOUNTAIN PEN◉STARTER KIT◉1 BROAD NIB ◉2 CARTRIDGES◉,14.95,,,,
162100500208,ZIONS 76P HOURS AND & WAGES RECORD BOOK POCKET 17 STAFF EMPLOYEE 210mm x 135mm,8.95,,,,
111154637819,UNI POSCA CHALK MARKER x 8 PWE-5M 1.8-2.5mm BULLET TIP GLASS WINDOW BLACKBOARD,37.95,,,,
162181318918,GARMIN◉VivoFit 2 Downtown◉3 Pack Replacement WristBand◉Burgundy◉Slate◉Navy◉Large,39,,,,
161790749187,DAC GENUINE◉Ultimate Foot Rest MP-140◉Ergonomic Design◉No Assembly◉Self Adjust◉,24.95,,,,
111178352126,BOSTIK◉BLU TACK◉BLUTACK◉75g RE-USABLE◉ADHESIVE PICTURE POSTER◉BLUTAC TAK TAC◉OZ,4.89,,,,
161106991827,UNIBALL JETSTREAM SXN-217 x 12 RETRACTABLE 0.7 mm PEN BLACK BLUE RED ACID FREE,46.25,,,,
162027491139,SHARPIE◉12 BLACK PERMANENT MARKER PEN◉ULTRA FINE◉0.3mm Tip POINT◉WATER RESISTANT,25.95,,,,
161262564144,UNI POSCA FLEXIBLE BRUSH TIP PCF-350 x 10 MARKER 0.1-10 mm PAINT ART CALLIGRAPHY,72.75,,,,
111483461733,WILDON POCKET SIZE TRAVEL & EXPENSES DIARY 85W ATO TAX COMPLIANT CAR BUS TRUCK,4.94,,,,
111170143987,UNI◉JETSTREAM SXN-210◉12 x RETRACTABLE UNIBALL 1 mm PEN◉BLACK BLUE RED◉ACID FREE,34.75,,,,
111413563123,SHARPIE◉8 x BRUSH TIP FABRIC MARKERS STAINED◉BRIGHT◉LAUNDRY CLOTH UNIFORM LINEN◉,15.49,,,,
111332600180,COLLINS A24 ACCOUNT BOOK 3 AND 4 MONEY COLUMN A4 LEAF RED COVER (TREBLE CASH) OZ,3.99,,,,
161924934754,LOGITECH◉K230 WIRELESS TOUCH KEYBOARD BLACK◉COMPACT◉WINDOWS◉USB◉3 Yrs WARRANTY◉,39.95,,,,
161271755527,WACOM BAMBOO STYLUS SOFT NIBS 3 PK ACK-20501 CS-100 DUO CS-110 POCKET CS-200 OZ,9.95,,,,
162100500212,UNI-BALL◉UM-153S x 12◉SIGNO GEL IMPACT◉ROLLER BALL◉1.0 MM PEN◉BLACK/BLUE/RED◉ART,45.93,,,,
112084080306,BLUELOUNGE◉Sumo◉Small Cable Holder◉White◉Organiser◉Paperweight◉Micro-Suction◉Oz,17.75,,,,
111957090185,ARTLINE 200 0.4mm 4 x FINE FINELINER MARKER BLUE FELT TIP EK-200 *COLOURS ALSO*,9.95,,,,
161106993942,UNIBALL JETSTREAM SXN-210 x 3 RETRACTABLE 1 mm PEN BLACK BLUE RED ACID FREE INK,11.45,,,,
111685605158,UNI-BALL SIGNO UMN 207-10 BOLD x 12 ROLLERBALL PEN 1.0 MM *CHOICE OF 3 COLOURS*,40.25,,,,
112326844082,PENRITE◉QUARTET◉PREMIUM MAGNETIC WHITEBOARD◉2400x1200 mm◉ALUMINIUM FRAME◉PWP241◉,399,,,,
161575296914,DERWENT STUDIO 12 24 36 72 FINE COLOUR PENCILS TIN SET *ART*CRAFT*DRAWING* OZ,39.95,,,,
112024357779,WACOM BAMBOO STYLUS PEN CS 100 WHITE FOR APPLE iPAD/iPHONE/SAMSUNG TOUCH TABLET,15.95,,,,
162138130284,STAEDTLER◉#334 15 ASSORTED PENS◉TRIPLUS FINELINER◉0.3mm FELT TIP◉ART◉DESIGN◉DRAW,21.95,,,,
162027467364,SHARPIE◉18 SET COLOUR PERMANENT MARKER PEN◉FINE POINT◉ART◉CRAFT◉WATER RESISTANT◉,23.25,,,,
161377333299,UNI POSCA CHALK MARKER PWE-17K x 1 15mm CHISEL TIP PEN GLASS WINDOW BLACKBOARD,13.95,,,,
162027500843,OUT OF STOCK* BLACK INTUOS CREATIVE STYLUS PEN❖BLUETOOTH 4.0 iPAD 2 3 4 MINI AIR,299,,,,
111901747512,PARALLELS◉DESKTOP 11◉NOT 9 10◉RUN WINDOWS 7 8 8.1 9 10 ON MAC◉FULL VER◉RRP $99◉,69.5,,,,
181247893023,WACOM❖BAMBOO POCKET PEN STYLUS CS-200❖iPhone iPAD MINI AIR SAMSUNG KINDLE TABLET,28.95,,,,
161270781386,ARTLINE SAFEGUARD◉A4 LAMINATOR◉LAMINATING MACHINE◉PHOTOS DOCUMENT HOME OFFICE◉Oz,39.95,,,,
111320578931,UNI-BALL SIGNO UMN 207-10 BOLD x 1 ROLLERBALL PEN 1.0 MM *CHOICE OF 3 COLOURS*,4.25,,,,
162100500215,WACOM❖BAMBOO STYLUS CS-300 BLACK Feel IT PEN❖SAMSUNG GALAXY NOTE 4 3 8 10.1 PRO,99,,,,
112259022904,GARMIN VIVOFIT 3 ActivityTracker SmartWatch Step Calorie Sleep Monitor 1yr Wrnty,145,,,,
161107002483,UNI-BALL◉UM-153 x 1 WHITE◉SIGNO GEL IMPACT BROAD◉ROLLER BALL◉1.0 MM PEN◉MARKER◉,5.45,,,,
162370962005,LOGITECH K480 Bluetooth Multi-Device Keyboard-Blk,99,,,,
111238363738,WACOM ACK-400022 INTUOS 4 5 PRO MEDIUM TABLET SOFT NYLON CARRY CASE BAG 39x30x2,79,,,,
161174673107,WACOM ACK-400023 INTUOS5 PTH-651 PTH-851 TABLET LARGE NYLON CARRY CASE 50x35x3 c,69.95,,,,
162177772955,ARTLINE SAFEGUARD◉100 x A4 LAMINATING/LAMINATOR POUCHES◉80 Micron THICKNESS◉HOT◉,25.95,,,,
181281691136,WACOM◉INTUOS PRO LARGE PTH-851/K1-C◉PEN & TOUCH GRAPHICS TABLET◉WIRELESS KIT◉Oz◉,579.95,,,,
162100500214, ZIONS 76M HOURS AND & WAGES RECORD BOOK MEDIUM 23 STAFF EMPLOYEE 215mm X 285mm,9.73,,,,
111957090559,ARTLINE ◉ 200 0.4mm 12 x BLUE FINE FINELINER PEN MARKER◉FELT TIP EK-200◉COLOURS◉,29.75,,,,
112024365287,ZIONS 76L HOURS AND & WAGES RECORD BOOK LARGE 25 STAFF EMPLOYEE 270mm X 265mm Oz,14.75,,,,
162027479236,ARTLINE 700 0.7mm 1 x BLACK PERMANENT MARKER BULLET TIP NIB EK-700 PEN ART DRAW,4.25,,,,
181281696564,WACOM ACK-400021 INTUOS4 INTUOS5 PRO SMALL SOFT NYLON CARRY CASE BAG 31x21x2 cm,33.75,,,,
162182330683,"WACOM◉Cintiq 13""◉HD Creative◉Pen & Touch◉DTH-1300◉Graphic Tablet◉Design◉PICKUP◉",1449,,,,
112024357773,FABER CASTELL 10 CONNECTOR PEN MARKER COLOUR DRAW DESIGN KIDS EDUCATION 11-150-A,7.5,,,,
162161565603,OGIO◉Monaco◉Messenger Laptop Bag◉Blue◉Travel◉Office◉Nylon◉Padded◉iPad Laptop◉Oz◉,79,,,,
181217224851,UNIBALL EYE MICRO UB-150 x 12 BLACK BLUE RED GREEN 0.5MM PEN MARKER ART OFFICE,46.25,,,,
162100494012,NEW WACOM BAMBOO STYLUS PEN CS-100 BLACK APPLE iPAD/iPHONE/SAMSUNG TOUCH TABLET,29.25,,,,
181240618431,WACOM ACK-20004 200-04 Intuos4 Intuos5 Cintiq 5 FLEX PEN NIBS BLACK WHITE TIP Oz,24.95,,,,
162100500220,ZIONS 26 TIME PAY AND & WAGES RECORD BOOK MEDIUM 26 EMPLOYEES STAFF 290mmx290mm,39.95,,,,
162027491264,ARTLINE 700 0.7mm 4 x BLACK PERMANENT MARKER BULLET TIP NIB EK-700 PEN ART DRAW,18.75,,,,
181230393687,"WACOM CINTIQ 22"" 22HD DTH-2200 TOUCH & PEN GRAPHICS INTERACTIVE TABLET DISPLAY",3500,,,,
112024365273,WACOM BAMBOO STYLUS PEN CS 100 BLUE FOR APPLE iPAD iPHONE/SAMSUNG TOUCH TABLET,17.95,,,,
112024357782,WACOM BAMBOO STYLUS PEN CS-100 ORANGE APPLE iPAD AIR 2 iPhone 4 4S 5 5S 6 6+ OZ,69,,,,
162100494014,WACOM BAMBOO STYLUS SOLO PEN CS-100 BLACK APPLE iPAD/iPHONE/SAMSUNG KINDLE NEXUS,29.25,,,,
181240613030,WACOM◉ACK-20601◉3 PACK◉FIRM HARD BLACK REPLACEMENT NIBS◉INTUOS STYLUS CREATIVE◉,11.95,,,,
112085525328,SCHATZII◉S1 Micro Suction Phone Holder◉360° Swivel Mount◉Dock◉iPhone Samsung HTC,32.95,,,,
111179500500,WACOM INTUOS MANGA PEN & TOUCH SMALL TABLET CTH-480/S3 ART Optional WIRELESS KIT,999,,,,
112084036702,BLUELOUNGE◉ECO-FRIENDLY◉IPAD/TABLET◉SLING MESSENGER BAG◉SHOULDER CARRY BAG◉GREY,49.95,,,,
162161608083,OGIO◉Phantom◉Wheeled Carry-On Travel Bag◉Lugguage◉Black◉Telescopic Pull Handle◉,129,,,,
111654263779,Elgato ◉Smart Key◉GPS Bluetooth Enabled◉WaterProof◉Apple iPad iPhone Wrist Watch,54.5,,,,
112101591813,GRIFFIN◉HELO TC◉App Controlled Helicopter◉For iOS◉Android◉Smartphone Control◉LED,49,,,,
112015764212,WILDON WIL250 CORPORATE VISITORS REGISTER 300mm x 215mm RECORD BOOK HOTEL OFFICE,19.25,,,,
112373752362,JABRA Supreme UC Acessory 2 Earhooks & 2 Earcushions 14121-28,15.94,,,,
112100231191,WACOM◉Cintiq 13◉HD Creative◉Pen & Touch◉DTH-1300◉Graphic Tablet◉Design◉Interact◉,1479,,,,
161282388592,COLLINS A24 ACCOUNT BOOK FEINT ANALYSIS 24 LEAF A4 STAPLED SOFT RED COVER OZ,3.99,,,,
112111653718,WACOM◉Bamboo Stylus Duo Pen◉CS-150◉2nd Gen◉For Apple iPhone 6+ 6 5 5S 4◉Ink◉Nib,32.95,,,,
162161451929,GRIFFIN◉RC Wireless Helicopter◉Control With Apple iOS iPhone Android Devices◉,27.75,,,,
161174623055,Wacom ❖ GENUINE ACK-20501 3 PACK Replacement Nibs❖BAMBOO STYLUS PEN❖ CS100 CS110,9.95,,,,
161139144679,WACOM ACK-200-01 ACK-20001 FUZ-A141 x 5 STANDARD PEN NIBS BAMBOO GRAPHIRE CINTIQ,15.95,,,,
162100494007,WACOM BAMBOO STYLUS PEN CS-100 WHITE FOR APPLE iPAD/iPHONE/SAMSUNG TOUCH TABLET,17.95,,,,
162138185550,SHEAFFER◉CLASSIC CALLIGRAPHY FOUNTAIN PEN◉STARTER KIT◉1 MEDIUM NIB ◉2 CARTRIDGE◉,14.95,,,,
162091300065,SHARPIE◉4 x BRUSH TIP FABRIC MARKERS◉STAINED◉BRIGHT◉LAUNDRY◉CLOTH◉UNIFORM◉LINEN◉,10.45,,,,
181229848269,WACOM WIRELESS ACCESSORY KIT ACK-404-01 CTH-680 CTH-480 MANGA PEN & TOUCH TABLET,64.75,,,,
162027459974,ZIONS SYSTEMS VLER POCKET SIZE VEHICLE LOG RECORD BOOK & EXPENSES 64 PAGES CAR,4.83,,,,
162161488826,KANEX◉Power Bank◉6000mAh◉2 Ports 2.1/1.0 AMP◉iPhone◉Samsung◉Portable USB Charger,48.75,,,,
162344842752,GARMIN VIVOSMART HR FITNESS BAND ActivityTracker PURPL REGULAR HeartRate MONITOR,238,,,,
162027436307,WACOM ACK-20003 REPLACEMENT HARD FELT GREY NIBS Pk5 INTUOS 4 PRO DIGITAL PEN OZ,14.95,,,,
112271731732,WACOM❖BAMBOO STYLUS+PEN DUO CS-110❖iPHONE 7 7+❖Samsung S6 S7 Edge❖LG G5❖SONY Z6,28.3,,,,
162100500209,Elgato ❖Eve Weather Wireless Outdoor Sensor❖Apple HomeKit Technology❖iPhone❖,202.6,,,,
111170161926,UNIBALL EYE MICRO UB-150 x 4 BLACK BLUE RED GREEN 0.5MM PEN MARKER ART OFFICE Oz,15.8,,,,
162100500218,ZIONS 500 TIME PAY AND & WAGES RECORDING BOOK 6 STAFF EMPLOYEES 210mm x 285mm Oz,10.12,,,,
162100500210,UNI-BALL◉UM-153M x 1 METALLIC COLOUR PEN◉1 mm◉SIGNO BROAD GEL INK◉MARKER◉ART◉Oz,5.45,,,,
161107000371,UNI-BALL◉UM-153S x 1◉SIGNO GEL IMPACT◉ROLLER BALL◉1.0 MM PEN◉BLACK/BLUE/RED◉ART◉,5.45,,,,
162027491760,ARTLINE 200 0.4mm 12 x FINE FINELINER MARKER ASSORTED COLOURS FELT TIP EK-200 Oz,28.5,,,,
162027450139,WACOM ACK-201-01W 20101W WHITE x 5 PEN NIBS BAMBOO INTUOS CTH CTL PTK PTH TABLET,14.95,,,,
111957048992,WACOM◉KP-503e STYLUS ART PEN◉9 NIBS+CASE+RINGS◉INTUOS 4 5 CINTIQ 13HD 22HD 24HD◉,104.75,,,,
162100500205,WACOM INTUOS CREATIVE PEN & TOUCH TABLET SMALL CTH-480/S0-CX WINDOWS/MAC GRAPHIC,999,,,,
111191668386,WACOM ACK-20002 200-02 5 GREY SPRING STROKE PEN NIBS CINTIQ INTUOS4 INTUOS5 PRO,23.95,,,,
112080315570,BLUELOUNGE◉SAIDOKA LIGHTNING◉DOCK SYNC◉CHARGER◉For APPLE iPhone 5 5s◉Black◉Oz,26.95,,,,
162156315214,BLUELOUNGE◉SAIDOKA LIGHTNING◉DOCK SYNC◉CHARGER◉For APPLE iPhone 5 5s◉White◉Oz,26.95,,,,
111310469237,WACOM INTUOS PRO MEDIUM GRAPHICS PTH-651/K1-CX PEN & TOUCH TABLET + NEW SOFTWARE,418.42,,,,
162161552358,"OGIO◉Gambit Mx 17"" Backpack◉Laptop◉Sports◉Skate◉Motocross◉School Bag◉Padded◉Ergo",246.95,,,,
162182352297,WACOM❖BAMBOO STYLUS PEN DUO CS-110❖Samsung S6/S7 Edge❖LG G3/G4/G5❖Sony Z4/Z5/Z6❖,28.3,,,,
162082265645,4 x HotHands Hand ◉ 2 Pairs Toe Warmers ◉ Disposable ◉ 8 Hours Heat ◉Ultra Thin◉,6.95,,,,
162027442590,BOSTIK SUPER GLUE 3ml ADHESIVE BONDS RUBBER METAL CERAMIC JEWELLERY WOOD PLASTIC,5.29,,,,
161248976176,WACOM◉KP-501e GRIP PEN STYLUS◉STAND+FLEX HARD 6 NIBS◉INTUOS 4 5 CINTIQ 2nd GEN◉,103.95,,,,
161790729533,SHARPIE ◉ 12 x COLOUR PERMANENT MARKER◉PEN TEXTA FINE POINT◉ART WATER RESISTANT◉,17.95,,,,
181201313806,ARTLINE 210 x 4 BLACK 0.6mm FINE FINELINER MARKER PEN FELT TIP EK-210 ART DRAW ,12.95,,,,
111957050845,WACOM ACK-40001 INTUOS4 INTUOS5 CINTIQ 21UX 24HD PRO ACCESSORY KIT PEN NIBS GRIP,48.95,,,,
112369317983,JABRA Jabra MOTION UC,211.95,,,,
162027491091,ARTLINE 200 0.4mm 1 x FINE FINELINER MARKER BLACK FELT TIP EK-200 *COLOURS ALSO*,2.45,,,,
161639720694,Kensington◉Proximo KEY FOB◉Bluetooth Tracker◉Find Phone Mobile◉iPhone Samsung Oz,29.79,,,,
112097640533,BLUELOUNGE◉9 PACK CABLEDROP◉BLACK◉20mm◉MINI CLIP PEEL & STICK◉CABLE DROP◉CDM-BL◉,18.75,,,,
111336828792,KAISER BAAS SMART MEDIA PLAYER KBA03042 CONVERTS TV INTO SMART TV HDMI WiFi Oz,129.25,,,,
162138123814,STAEDTLER◉#334 6 x NEON PEN WALLET◉TRIPLUS FINELINER◉0.3mm FELT TIP◉ART◉DESIGN,14.95,,,,
161070802694,WACOM◉ACK-206-09-ZX ACK-20609◉CS-140 CS-150 SOLO DUO◉3 PACK◉STYLUS TIP SOFT NIBS,18.95,,,,
112085535044,SCHATZII◉T-BONE◉3-in-1 Car Charger◉Power Bank◉LED Torch Flashlight◉2600 mAh◉USB◉,49,,,,
111179528173,WACOM WIRELESS ACCESSORY KIT ACK-40401 FOR CTL-480 CTH-480 PEN TOUCH TABLET USB,64.75,,,,
181281650969,WACOM◉BAMBOO 3Pk ACK-20501◉STYLUS REPLACEMENT NIBS◉CS-100 CS-110 iPAD iPHONE◉Oz,9.95,,,,
161106989878,UNIBALL JETSTREAM SXN-217 x 1 RETRACTABLE 0.7 mm PEN BLACK BLUE RED ART AcidFREE,4.15,,,,
162027454475,ZIONS SYSTEMS PSP PAY SLIP PAD PADS 50 SLIPS TIME & WAGES RECORDING COMPLIANT Oz,4.75,,,,
181217228993,UNIBALL EYE FINE UB-157 x 1 PEN 0.7 MM MARKER ART OFFICE *CHOICE OF 10 COLOURS*,4.25,,,,
111901771118,VODAFONE◉$40 Credit SIMCARD Prepaid◉Unlimited Call+SMS/Text◉5GB Data◉BULK BUY◉Oz,19.89,,,,
112080290308,BLUELOUNGE◉SAIDOKA LIGHTNING◉DOCK SYNC◉CHARGER ◉ForAPPLE iPhone 5 5s Black◉White,26.95,,,,
162100500212,UNI-BALL◉UM-153S x 12◉SIGNO GEL IMPACT◉ROLLER BALL◉1.0 MM PEN◉BLACK/BLUE/RED◉ART,45.93,,,,
111957090254,ARTLINE 200 0.4mm 12 x FINE FINELINER MARKER BLACK FELT TIP EK-200 *COLOURS ALSO,26.85,,,,
162084125060,VODAFONE◉$40 Credit SIM CARD Prepaid◉Unlimited Call+SMS/Text◉5GB Data◉BULK BUY◉,19.89,,,,
181240587019,WACOM ACK-20001 5 BLACK STANDARD PEN NIBS BAMBOO GRAPHIRE CINTIQ INTUOS3 4 5 Oz,15.95,,,,
112259014662,GARMIN VIVOFIT 3 ActivityTracker SmartWatch Step Calorie Sleep Monitor 1yr Wrnty,145,,,,
111957035464,FABER CASTELL 10 JUMBO COLOUR HEXAGONAL PENCILS + SHARPENER KIDS SCHOOL 111610,15.25,,,,
181281654052,WACOM◉BAMBOO STYLUS FIRM HARD NIBS◉3 Pack◉ACK-20601◉CS-100 DUO CS-110 CS-200◉Oz,11.95,,,,
181224795805,Wacom◉ INTUOS Small PEN Graphics Tablet◉CTL-480/S2-CX◉NEW MODEL◉WIRELESS OPTION,999,,,,
112078904493,JABRA◉Talk◉HandsFree Auto Pairing Bluetooth Headset◉For Apple◉Android◉USB Chargr,48.16,,,,
112085456185,OGIO◉Monaco◉Messenger Laptop Bag◉Black◉Travel◉Office◉Nylon◉Padded◉iPad Laptop◉Oz,79,,,,
112097578058,BLUELOUNGE◉6 PACK CABLEDROP◉MUTED◉29mm◉MINI CLIP PEEL & STICK◉CABLE DROP◉CD-MT◉,14.95,,,,
162161462658,KAISER BAAS◉Alpha Drone◉KBA15001◉720p Camera◉60m+ Range◉Quadcopter◉Gyroscope◉Oz,149,,,,
111672227639,2 x HotHands◉1 Pair Hand Warmers◉Disposable◉10 Hours Heat◉Pocket Glove◉USA Made,3.95,,,,
111675574748,Kensington◉Proximo Tag◉Bluetooth Tracker◉Find Phone Mobile Valuables◉IOS ANDROID,50.06,,,,
112083355017,PEACH◉COMB BINDING MACHINE A4◉PERSONAL BINDER◉BINDS 50 SHEETS◉PB200-09◉4 SHEET P,89,,,,
111901760589,STAEDTLER◉334 TRIPLUS FINELINER FELT TIP PEN MARKER◉.3mm◉36/PACK ASSORT◉334C36CB,49.95,,,,
162170946051,BLUELOUNGE◉9 PACK CABLEDROP◉20mm◉MINI CLIP PEEL & STICK◉CABLE MANAGEMENT◉WHITE◉,18.75,,,,
161290295609,Kaiser Baas WiFi PHOTO & DOCUMENT SCANNER SCAN WIRELESS TO TABLET PC SMARTPHONE,184.25,,,,
112054267551,2 x HotHands◉1 Pair INSOLE FOOT Warmers◉9 Hours◉SKIING◉BUSHWALKING◉CAMPING◉Hand◉,8.95,,,,
161118858131,WACOM WIRELESS ACCESSORY KIT ACK-40401 CTH-680 CTH-480 MANGA PEN & TOUCH TABLET,64.75,,,,
111179535578,WACOM WIRELESS ACK-40401 ACCESORY KIT INTUOS PEN TOUCH SMALL MEDIUM LARGE TABLET,64.75,,,,
162100494009,WACOM◉BAMBOO STYLUS PEN◉CS-100 BLUE◉iPAD AIR 2 3 MINI◉iPHONE  5 5S 6 6+ 6S 7 7+◉,15.95,,,,
161089628842,BOSTIK BLUTACK ORIGINAL 75g RE-USABLE ADHESIVE HOME OFFICE ART BLUE BLUTAK TAK,4.95,,,,
162027479108,ARTLINE 210 0.6mm 1 x FINE FINELINER MARKER PEN BLACK FELT TIP EK-210 ART DRAW,2.45,,,,
181281654775,WACOM◉BAMBOO STYLUS FIRM NIBS◉3 Pack◉ACK-20601◉CS-100 DUO CS-110 POCKET CS-200◉,11.95,,,,
162100494011,WACOM◉KP-300E◉INTUOS4 INTUOS5 PRO & CINTIQ 2nd GEN◉CLASSIC PEN GRIP◉STAND◉6 NIBS,109.95,,,,
162027478846, ARTLINE ◉200 0.4mm 4 x BLACK FINE FINELINER PEN MARKER◉FELT TIP EK-200◉COLOURS,9.95,,,,
162338458644,GARMIN VIVOSMART HR FITNESS BAND ActivityTracker BLACK REGULAR HeartRate MONITOR,238,,,,
161107020479,UNIBALL EYE FINE UB-157 x 12 PEN 0.7MM MARKER ART OFFICE **CHOICE OF 10 COLOURS*,39.95,,,,
111154637819,UNI POSCA CHALK MARKER x 8 PWE-5M 1.8-2.5mm BULLET TIP GLASS WINDOW BLACKBOARD,37.95,,,,
111179508649,WACOM INTUOS PEN & TOUCH MEDIUM TABLET CTH-680/S0 ART DRAW OPTIONAL WIRELESS KIT,299,,,,
161118885379,"WACOM CINTIQ 13"" 13HD DTK-1300 PEN GRAPHICS INTERACTIVE TABLET DISPLAY 1920x1080",1289,,,,
181229852756,WACOM WIRELESS ACCESS KIT ACK-40401 INTUOS5 PRO PTH-451 PTH-651 PTH-851 TABLET,64.75,,,,
161318984780,LAMINATOR A3 PEACH PREMIUM PHOTO PL745 75% ENRGY SAVING LAMINATING MACHINE CHEAP,99,,,,
111957076103,ZIONS SYSTEMS PSP PAY SLIP 10 x PADS=500 SLIPS TIME & WAGES RECORDING COMPLIANT,28.95,,,,
161136648844,WACOM ACK-400-022 INTUOS 4 5 PRO MEDIUM TABLET SOFT NYLON CARRY CASE BAG 39x30x2,79,,,,
162100500221,Canon◉SELPHY CP910◉Wireless Compact Portable Wi-Fi Colour Photo Printer◉AirPrint,299,,,,
162157164537,GARMIN◉VivoFit 2◉Fitness Sleep Activity Tracker◉WristBand◉Pink◉Shows Calories,199,,,,
161683313386,Elgato ◉Avea Dynamic LED Bulb◉Bluetooth◉Mood Light◉Apple iPhone iPad Wrist Watch,76.52,,,,
111957073635,WACOM KP-701E INTUOS4 INTUOS5 PRO & CINTIQ 2nd GEN ART PEN+STAND+10 NIBS FELT Oz,128.75,,,,
162100500215,WACOM❖BAMBOO STYLUS CS-300 BLACK Feel IT PEN❖SAMSUNG GALAXY NOTE 4 3 8 10.1 PRO,99,,,,
111179533571,WACOM ◉WIRELESS ACCESSORY KIT ACK-404-01◉FOR CTL-480 CTH-480 PEN TOUCH TABLET◉Oz,64.75,,,,
162100494001,WACOM BAMBOO STYLUS SOLO PEN CS-100 WHITE APPLE iPAD/iPHONE/SAMSUNG KINDLE NEXUS,17.95,,,,
112084105566,BUILT◉NY◉Everyday Shopper◉White Tote Bag◉City Collection◉Water Resistant◉Travel◉,34.95,,,,
162100494006,WACOM◉BAMBOO STYLUS SOLO PEN CS-100 BLUE◉APPLE iPAD/iPHONE/SAMSUNG KINDLE NEXUS◉,17.95,,,,
181229849232,WACOM WIRELESS ACCESS KIT ACK-404-01 INTUOS PRO PTH-451 PTH-651 PTH-851 TABLET,64.75,,,,
161200977401,SHEAFFER CLASSIC CALLIGRAPHY 73404 FOUNTAIN KIT SET 3 NIBS 3 PENS 20 INK REFILLS,54.95,,,,
162100494008,FABER CASTELL 30 CONNECTOR PEN MARKER COLOUR DRAW DESIGN KIDS EDUCATION 11-300-A,18.25,,,,
162161500585,KANEX◉Power Bank◉11000mAh◉2 Ports 2.1/1 AMP◉iPhone◉Samsung◉Portable USB Charger◉,68.75,,,,
162363714603,WACOM ACK-400-021 INTUOS4 INTUOS5 PRO SMALL SOFT NYLON CARRY CASE BAG 31x21x2 cm,33.75,,,,
181205287468,UNI POSCA CHALK MARKER x 8 PWE-8K 8mm CHISELTIP GLASS METAL WINDOW BLACKBOARD Oz,45.25,,,,
161129433675,WACOM❖ACK-20003 200-03 HARD FELT GREY NIBS x5❖INTUOS4 PRO CINTIQ HYBRID❖DIGITAL ,14.95,,,,
111901771979,VODAFONE◉$50 SIMCARD CREDIT PREPAID◉Unlimited Call+Text/SMS◉10GB DATA◉BULK BUY◉,39.75,,,,
111170167124,UNIBALL EYE FINE UB-157 x 4 PEN 0.7MM MARKER ART OFFICE **CHOICE OF 10 COLOURS**,15.8,,,,
112024365264,COLLINS A24 ACCOUNT BOOK JOURNAL ANALYSIS 24 LEAF A4 STAPLED SOFT RED COVER OZ,3.99,,,,
162100494010,FABER CASTELL 20 CONNECTOR PEN MARKER COLOUR DRAW DESIGN KIDS EDUCATION 11-200-A,12.5,,,,
112085554686,Schatzii◉AIR◉Ionic Car Air Purifier+Dual USB Car Charger◉1/2.0 Amp◉Phone Tablet◉,49,,,,
111430344639,FABER CASTELL 36 CLASSIC COLOUR HEXAGONAL ECO PENCILS + SHARPENER 3.3MM   115856,34.95,,,,
111957103113,WACOM❖BAMBOO CS-200 POCKET PEN STYLUS❖Apple iPad Air 2 3 4 iPhone 5 5S 6 6+ 7 7+,28.95,,,,
112105759393,ARTLINE SAFEGUARD◉A4 LAMINATOR/LAMINATING MACHINE + 100 x 80 Micron POUCHES SET◉,53.95,,,,
112024357777,WACOM BAMBOO STYLUS PEN CS-100 WHITE APPLE iPAD 2/iPhone 4S 5 5S 6 TOUCH TABLET,17.95,,,,
161227407670,WACOM FLEX NIBS ACK-200-04 INTUOS4 INTUOS5 CINTIQ 5 REPLACEMENT BLACK-WHITE TIP,24.95,,,,
161309184752,UNI POSCA CHALK MARKER PWE-8K 8mm CHISELTIP PEN GLASS METAL WINDOW BLACKBOARD Oz,6.25,,,,
162100500204,"COLLINS A60 ACCOUNT ANALYSIS BOOK 8, 10, 12, 13, 14 AND 18 MONEY COLUMN A4 LEAF",5.02,,,,
162100494005,WACOM ACK-203-17K-BX INK PEN NIBS FOR INKLING (MDP-123) 4-PACK BLACK BALLPOINT,35.25,,,,
111957103205,ARTLINE 210 x 12 BLACK 0.6mm FINE FINELINER MARKER PEN FELT TIP EK-210 ART DRAW ,29.75,,,,
112024365285,COLLINS A24 ACCOUNT BOOK MINUTE ANALYSIS LEAF A4 STAPLED SOFT RED COVER,3.99,,,,
162100500203,UNI-BALL◉UM-153M x 8 METALLIC COLOURS PEN◉1 mm◉SIGNO BROAD GEL INK◉MARKER◉ART◉Oz,34.95,,,,
111332634968,COLLINS A24 ACCOUNT BOOK DAY ANALYSIS 24 LEAF A4 STAPLED SOFT RED COVER OZ,3.99,,,,
111957073535,UNI POSCA CHALK MARKER x 3 PWE-17K 15mm CHISELTIP GLASS METAL WINDOW BLACKBOARD,29.95,,,,
112078928571,BELKIN◉Essential Stereo RCA to 3.5mm◉AUX Audio Speaker Cable◉2M 6.6FT◉Gold Plug,22.92,,,,
